MLR_no,email,Time-Scrapped
4908,info@sagarmathafinance.com,2020-04-13
4878,info@msgrouphk.com,2020-04-13
4615,chunlink.com.hk@gmail.com,2020-04-13
3180,newpower1920@gmail.com,2020-04-13
1643,dealer@pokayonline.com.hk,2020-04-13
4642,cs@melodyfinance.com.hk,2020-04-13
4248,info@hongdafin.com,2020-04-13
3914,finance@combesthk.com,2020-04-13
3221,online@cmschina.com.hk,2020-04-13
2868,enquiry@amtdgroup.com,2020-04-13
4914,tccfinance2017@gmail.com,2020-04-13
4895,enquiries@primedecent.com,2020-04-13
4526,cs@toptrend.com.hk,2020-04-13
4222,info@luxefinance.com.hk,2020-04-13
3933,enquiries@opusgroup.com.hk,2020-04-13
3444,info@ebl.com.bd,2020-04-13
3273,info@gic.com.hk,2020-04-13
3113,info@taifungfinance.com.hk,2020-04-13
2662,info@nr-group.com.hk,2020-04-13
2580,esl.cs@emperorgroup.com,2020-04-13
877,office@yaufungfinance.com,2020-04-13
5250,cs.gpsl@grandpartners.com.hk,2020-04-13
5236,info@egwml.com,2020-04-13
3955,info@pinscapital.com,2020-04-13
384,sales@nanfung.com,2020-04-13
3260,chungck@cfsh.com.hk,2020-04-13
5217,info@egwml.com,2020-04-13
4226,info@polyauction.com.hk,2020-04-13
4217,info@surewincredit.com,2020-04-13
4051,cs@flx.com.hk,2020-04-13
3420,cs@uacredit.com.hk,2020-04-13
895,info@greateagle.com.hk,2020-04-13
2667,info@gocredit.com.hk,2020-04-13
4283,info@wahcc.com.hk,2020-04-13
3652,info@ando-cap.com ,2020-04-13
3627,info@mortgage-one.com.hk,2020-04-13
3619,information@phoenicianltd.com,2020-04-13
3612,info@prosperousfinance.com.hk,2020-04-13
2914,info@fastbillion.com.hk,2020-04-13
2417,ir@laisun.com,2020-04-13
990,mint@malahon.com,2020-04-13
4927,grandprofit@yahoo.com.hk,2020-04-13
4859,info@healthyfinanceltd.com,2020-04-13
4563,skyworldasiateam@gmail.com,2020-04-13
3909,apply@capone.hk,2020-04-13
3894,enquiry@nkf.com.hk,2020-04-13
3862,sales@autoitalia.com.hk,2020-04-13
3448,Cs@eg-credit.com,2020-04-13
2179,info@kgi.com,2020-04-13
1443,info@superactive.com.hk,2020-04-13
4902,info@eccredit.com.hk,2020-04-13
3911,info.hkct@gmail.com,2020-04-13
2766,info@convoy.com.hk,2020-04-13
2416,credit@lsh.com,2020-04-13
1237,enquiry@shkfinance.com.hk,2020-04-13
3922,cs_sgf@safegoldgroup.com,2020-04-13
4598,info@efcg.com.hk,2020-04-13
3622,info@rmsl.com.hk,2020-04-13
1132,enquiry@shuntakgroup.com,2020-04-13
4215,info@egwml.com,2020-04-13
4210,admin@vantagegroup.com.hk,2020-04-13
3900,mail@altus.com.hk,2020-04-13
3597,leadrich@ymail.com,2020-04-13
3400,cchk@cindahk.com,2020-04-13
3087,info@goldingroup.com,2020-04-13
2982,enquiry@nh-capital.com,2020-04-13
4885,info@egwml.com,2020-04-13
4850,info@e-cash.com.hk,2020-04-13
4569,info@elendasia.com.hk,2020-04-13
3623,info@msuccess.com,2020-04-13
2973,info@unionfinance.com.hk,2020-04-13
4889,enquiry@spdbi.com,2020-04-13
4417,info@kongwellhk.com,2020-04-13
3662,enquiry@victorycap.com,2020-04-13
3615,info@orchardfinance.com.hk,2020-04-13
3600,info@dakin-capital.com,2020-04-13
2234,silverhope@biznetvigator.com,2020-04-13
5169,info@novamondo.asia,2020-04-13
4213,pakling.com.hk@gmail.com,2020-04-13
4205,info@kaifungfinance.com,2020-04-13
4203,info@cfih.hk,2020-04-13
3885,info@dimdimnet.com.hk,2020-04-13
3592,enquiry@chinays.hk,2020-04-13
2872,enquiry@aozora-apf.com,2020-04-13
943,apply@grandcityinvestment.com,2020-04-13
174,enquiry@california.com.hk,2020-04-13
5184,info@wealthlink.hk,2020-04-13
5124,amustfinancehk@gmail.com,2020-04-13
4871,info@wealthlink.hk,2020-04-13
4836,hysan@hysan.com.hk,2020-04-13
4573,cs@longjfinance.com,2020-04-13
4298,cs@ookfinance.com.hk,2020-04-13
4091,onshun1112@gmail.com,2020-04-13
3086,enquiry@splendorfc.com,2020-04-13
2665,enquiry@bmisonline.com,2020-04-13
2605,info@wpf.com.hk,2020-04-13
2382,info@oceanfinancehk.com,2020-04-13
3896,enquiry@EmperorInt.com,2020-04-13
3858,cs@skymillioncredit.com,2020-04-13
3423,ir@hkex109.hk,2020-04-13
2962,enquiry@chinays.hk,2020-04-13
2695,enquiry@orix.com.hk,2020-04-13
5182,info@fastcredit.com.hk,2020-04-13
5162,info@foundationfinance.hk,2020-04-13
4602,info@gisfinanceco.com,2020-04-13
4275,info@dimdimnet.com.hk,2020-04-13
2528,service@abci.com.hk,2020-04-13
4591,info@rocky.com.hk,2020-04-13
4912,cs.admin@championcredit.com.hk,2020-04-13
4575,erpcommltd@gmail.com,2020-04-13
4566,tomlai@pru.com.hk,2020-04-13
4233,admin@jeffcredit.com,2020-04-13
4228,info@gamortgage.com.hk,2020-04-13
4216,toppowerfinance@gmail.com,2020-04-13
4194,ir@svwholdings.com,2020-04-13
4193,info@egwml.com,2020-04-13
3241,tracy.tsoi@citi-pacific.com,2020-04-13
2507,info@dynamic-hk.com,2020-04-13
4795,info1.topgold@gmail.com,2020-04-13
4604,enquiry@nkf.com.hk,2020-04-13
4197,info@citictrust.com.hk,2020-04-13
3620,itinfo@hungsing.org,2020-04-13
3414,info@easy-loan.com.hk,2020-04-13
4462,admin@ecl.asia,2020-04-13
4271,info@oiwah.com.hk,2020-04-13
4256,info@bqpartners.com.hk,2020-04-13
4159,scsltdfinance@gmail.com,2020-04-13
1046,contact@hyc.com.hk,2020-04-13
4533,info@egwml.com,2020-04-13
3098,rocky@vunfat.com.hk,2020-04-13
2971,info@dwcredit.com.hk,2020-04-13
2514,teied@biznetvigator.com,2020-04-13
2203,info@ptcorp.com.hk,2020-04-13
3016,cs@kcash.hk,2020-04-13
3521,cp-info@cashingpro.hk,2020-04-13
3629,Info@gv-finance.com,2020-04-13
3096,mgmoney@mgmoney.com.hk,2020-04-13
5134,Info@smartboyfinance.com,2020-04-13
2812,info@grandming.com.hk,2020-04-13
2602,info@rsfinance.com.hk,2020-04-13
5138,longwincredit@yahoo.com,2020-04-13
4869,enquiries@sinostaramc.com,2020-04-13
4169,totalexpresscs@gmail.com,2020-04-13
3642,enquiry@kaiyuancapital.hk,2020-04-13
3394,info@egwml.com,2020-04-13
3265,cs01@megaunionfinance.com,2020-04-13
2587,info@topbillionfinance.com,2020-04-13
1581,kdfinance@kdc.com.hk,2020-04-13
4529,info@tycredit.com.hk,2020-04-13
4168,info@axht.hk,2020-04-13
3863,kingscredit@gmail.com,2020-04-13
3853,enquiry@wfc-hk.com,2020-04-13
3610,cypressfinance@hotmail.com,2020-04-13
3582,admin@richestfin.com,2020-04-13
3439,finance@victoryfg.com.hk,2020-04-13
3242,grandcrystalfinance@gmail.com,2020-04-13
2968,mail@prosperassets.com.hk,2020-04-13
2893,biz@pacificnet.com,2020-04-13
2859,wosum@wosum.com.hk,2020-04-13
2520,enquiry@apfinance-hk.com,2020-04-13
5565,contact@ssfinances.com,2020-04-13
5177,chinaskycredit@gmail.com,2020-04-13
5164,cashlane888@gmail.com,2020-04-13
4884,info@parchment.hk,2020-04-13
3857,info@trueway.com.hk,2020-04-13
2912,securities@bocigroup.com,2020-04-13
1843,nfloan@gmail.com,2020-04-13
1831,info@leahander.com,2020-04-13
1445,gzjk@gzjrkg.com,2020-04-13
5127,info@graciepoint.com,2020-04-13
5118,enquiry@wilsonsec.com.hk,2020-04-13
2911,sales@aacompass.com.hk,2020-04-13
3015,cs@maxcolm.com,2020-04-13
5110,contact@hyc.com.hk,2020-04-13
4809,info@wealthlink.hk,2020-04-13
4568,cs@creditmall.com.hk,2020-04-13
4136,enquiries@trcf.com.hk,2020-04-13
3732,cs@cmbccap.com,2020-04-13
3146,goldenfields@ymail.com,2020-04-13
3008,wealthleefinance@yahoo.com.hk,2020-04-13
2753,info@vcgroup.com.hk,2020-04-13
1086,kabu@tokaitokyoasia.com,2020-04-13
5143,info@grand-success.com.hk,2020-04-13
4847,noahgroup@noahgroup.com,2020-04-13
4818,everfinance168@gmail.com,2020-04-13
3576,enquiry@simplecredit.com.hk,2020-04-13
3237,info@fullgold.hk,2020-04-13
2649,enquiry@easyfortune.com.hk,2020-04-13
1450,kg@kingston.com.hk,2020-04-13
2404,web-enquiry@emperorfinance.com,2020-04-13
4562,enquiry@AccGirl.com,2020-04-13
4518,info@asiaonecredit.com,2020-04-13
3089,loan@moneylinkasia.com,2020-04-13
5549,eximfinancehk@eximbankbd.com,2020-04-13
4527,cola.lo@sunnybrighthk.com,2020-04-13
4516,cs@dxzq.com.hk,2020-04-13
4160,admin@ewaycredit.com,2020-04-13
4153,info@joyrichfinance.com,2020-04-13
4146,eisui@shutoken-lease.co.jp,2020-04-13
4139,enquiry@billioncredit.com.hk,2020-04-13
3404,info@easycash.hk,2020-04-13
3231,cs@financeone.com.hk,2020-04-13
3026,info@gtghl.com,2020-04-13
4520,cs@dianholding.com,2020-04-13
4223,info@equitiesfirst.com,2020-04-13
4124,cs@fcsec.com.hk,2020-04-13
3608,info@nikofinancial.com.hk,2020-04-13
2211,info@hkbla.com.hk,2020-04-13
1090,chuangs@chuangs.com.hk,2020-04-13
4821,cs@sunsecurities.com.hk,2020-04-13
4726,info@ffhk.com.hk,2020-04-13
4557,cs@ctsec.com.hk,2020-04-13
3589,ryankwong@newaygroup.com.hk,2020-04-13
3387,info@powercash.hk,2020-04-13
3085,eaglestargroup@hotmail.com,2020-04-13
3074,admin@yeslady.com.hk,2020-04-13
5542,millionscredit@gmail.com,2020-04-13
4508,info@bbps.com.hk,2020-04-13
4456,creditandy@yahoo.com.hk,2020-04-13
4162,info@ziven.com.hk,2020-04-13
4140,info@egwml.com,2020-04-13
3848,info@egwml.com,2020-04-13
2953,info@mcltd.hk,2020-04-13
3828,cs@masterfinance.com.hk,2020-04-13
4856,info@compofinancial.com.hk,2020-04-13
4829,cs@kkfcredit.com.hk,2020-04-13
4776,co@fundingreach.com,2020-04-13
3817,cs@vmssec.com,2020-04-13
3796,sales@premiercap.com.hk,2020-04-13
3061,easyloanslimited@yahoo.com,2020-04-13
1152,ir@tonghaifinancial.com,2020-04-13
745,enquiry@hk.lf.mufg.jp,2020-04-13
4811,admin@topup-capital.com,2020-04-13
4523,apply@creditone.hk,2020-04-13
4212,info@ifinancial.com.hk,2020-04-13
4150,easyone221@hotmail.com,2020-04-13
3931,2355725128@qq.com,2020-04-13
3389,apply@creditone.hk,2020-04-13
724,apply@artleyfinance.com,2020-04-13
4789,zbtz@bqzbtz.com,2020-04-13
4182,phfinance2015@gmail.com,2020-04-13
4165,wai@hkpcr.com,2020-04-13
4158,info.kkfl@gmail.com,2020-04-13
4019,cs@green-international.com,2020-04-13
3842,info@monetiumcredit.com.hk,2020-04-13
3392,msc@msclc.com,2020-04-13
3148,enquiry@beloscap.com,2020-04-13
3073,admin@modernfinance.com.hk,2020-04-13
3360,enquiry@chinastock.com.hk,2020-04-13
4097,info@hkml.com.hk,2020-04-13
3716,info@gwgcredit.com,2020-04-13
3351,info@masterpiecefinance.com,2020-04-13
3228,crossoverfinance27777377@yahoo.com.hk,2020-04-13
5525,info@hualiang.com.hk,2020-04-13
5163,info@creditstation.com.hk,2020-04-13
4790, cs@ssif.com.hk,2020-04-13
4539,info@litai-hk.com,2020-04-13
4400,info@queensfinance.hk,2020-04-13
3581,corpfin@halcyon.com.hk,2020-04-13
2660,hkcc-enquiry@convoy.com.hk,2020-04-13
2176,settlement@chkcam.com,2020-04-13
5129,admin@hkprimeasia.com,2020-04-13
4837,contact@haotianhk.com,2020-04-13
4242,cs@yedpay.com,2020-04-13
4188,info@apacresources.com ,2020-04-13
3485,cs@chiefgroup.com.hk,2020-04-13
3170,marketinghk@bibbyfinancialservices.com,2020-04-13
3072,cs@ibcsl.com,2020-04-13
3067,info@i-access.com,2020-04-13
3777,cs@csci.hk,2020-04-13
3230,shahnewaz@pblfinancehk.com,2020-04-13
730,info@solidcapitalholdings.com,2020-04-13
4127,info@oiwah.com.hk,2020-04-13
3793,hk_bd1a_f@e-capital.com.hk,2020-04-13
3571,cash@jitfinance.com.hk,2020-04-13
3549,info@skyhero.com.hk,2020-04-13
3350,info@jtifinance.com.hk,2020-04-13
3010,enquiry@fortunecredit.com.hk,2020-04-13
5512,info@tpfghk.com,2020-04-13
4524,cs@zwap.hk,2020-04-13
4501,enquiry@jt-finance.com,2020-04-13
2905,enquiry@etcfinance.com.hk,2020-04-13
2583,ccland@ccland.com.hk,2020-04-13
5165,info@waitatfinance.hk,2020-04-13
4513,cs@moneymonkey.hk,2020-04-13
4512,info@gransing.com,2020-04-13
3987,info@ibcmortgage.com.hk,2020-04-13
3557,winnie.kong@ccigcredit.hk,2020-04-13
2693,group@lukfook.com,2020-04-13
4767,smooth1917@yahoo.com,2020-04-13
4488,cs@unocoworking.com,2020-04-13
4482,enquiry@moneytouch.com.hk,2020-04-13
3532,hotline@skcm.com.hk,2020-04-13
3353,info@gdfinance.com.hk,2020-04-13
2954,info@firstcredit.com.hk,2020-04-13
5142,champoint888@hotmail.com,2020-04-13
4486,info@gogocash.hk,2020-04-13
4107,info@0030.com.hk,2020-04-13
4095,public@lerado.com.hk,2020-04-13
3841,info@amlhk.net,2020-04-13
3789,info@premium888.com,2020-04-13
3773,info@stifg.com,2020-04-13
3545,eternalfortunefinance@gmail.com,2020-04-13
3500,enquiry@firstbullion.com,2020-04-13
2846,hq@hkfyg.org.hk,2020-04-13
5112,cs@3scredit.com,2020-04-13
3578,info@experthk.com,2020-04-13
2901,enquiry@ccw.hk,2020-04-13
1950,genertec@genertec.com.cn,2020-04-13
1739,ir@cmland.hk,2020-04-13
1452,enquiry@swhyhk.com,2020-04-13
5150,chinaptypty@gmail.com,2020-04-13
3760,asiapl@biznetvigator.com,2020-04-13
3543,info@wwindsec.com,2020-04-13
3538,info@pt123.com,2020-04-13
3530,sales@seaburytfx.com,2020-04-13
3058,futat1@yahoo.com,2020-04-13
2346,info@bfs.com.hk,2020-04-13
2645,kf@konew.com,2020-04-13
5108,cs@credithero.xyz,2020-04-13
3349,info@golddynasty.com.hk,2020-04-13
3005,cs@iccredithk.com,2020-04-13
1768,pichk@pacificgroup.com.hk,2020-04-13
1741,info@bfinance.com.hk,2020-04-13
1431,ir@laisun.com,2020-04-13
1314,accf@anglochinesegroup.com,2020-04-13
310,hkgaz@itochu.com.hk,2020-04-13
2632,info@oiwah.com.hk,2020-04-13
5494,euquiry@profitablecredit.com,2020-04-13
5075,info@egwml.com,2020-04-13
4759,info@lkgroup.com.hk,2020-04-13
3357,keith.lau@haotianhk.com,2020-04-13
5507,info@wwfinance.com.hk,2020-04-13
5074,info@sunshinehkltd.com,2020-04-13
4499,info@kinfatcredit.com.hk,2020-04-13
4116,info@3scredit.com,2020-04-13
3513,service@globalhill.com.hk,2020-04-13
1944,mortgage@phillip.com.hk,2020-04-13
1881,info@jinhuiship.com,2020-04-13
1563,rdlinfo@rdl.hk,2020-04-13
802,mint@malahon.com,2020-04-13
5469,inquiry@tcsec.com,2020-04-13
3337,sales@skycredit.com.hk,2020-04-13
1421,winsoncredit@yahoo.com.hk,2020-04-13
5061,info@hooverfinance.com,2020-04-13
4810,enquiry@uaf.com.hk,2020-04-13
4113,enquiry@ftf.hk,2020-04-13
3358,enquiry@megabondfinance.com,2020-04-13
2487,wcsccredit@sctrade.com,2020-04-13
5105,cs@cash-square.com,2020-04-13
5079,equiry@gogo-lending.com,2020-04-13
4490,info@henter.com.hk,2020-04-13
4137,info@easystarhk.com,2020-04-13
4109,info@mgfin.com.hk,2020-04-13
4087,info@wealth-ihg.com.hk,2020-04-13
3212,sinocredit@yahoo.com.hk,2020-04-13
2840,cs@hkchinasky.com,2020-04-13
49,info@asiasec.com.hk,2020-04-13
5478,info@affluencehk.com,2020-04-13
5055,info@ull.com.hk,2020-04-13
4805,info@i-choice.hk,2020-04-13
3561,tc@smecreditco.com,2020-04-13
4756,info@zhongcai.finance,2020-04-13
4060,cs_web@zerofinance.hk,2020-04-13
3801,gcl1903@gmail.com,2020-04-13
3667,info@pfinancehk.com,2020-04-13
2952,rhb.hk.support@rhbgroup.com,2020-04-13
2837,info@sinomaxfinance.com,2020-04-13
2641,cs@kaisergroup.com.hk,2020-04-13
2625,info@kgi.com,2020-04-13
2483,hotline@cashflow.com.hk,2020-04-13
1613,etrade@oriental-patron.com.hk,2020-04-13
5477,info@winfield.credit,2020-04-13
5473,info@constant-credit.com,2020-04-13
4460,ctf-hr@hkcts.com,2020-04-13
4045,info@evehk.com.hk,2020-04-13
3526,cs@welend.hk,2020-04-13
3325,cs@lff.com.hk,2020-04-13
3320,cs@lff.com.hk,2020-04-13
2318,info@qingdaohi.com,2020-04-13
1550,info@preamblegroup.com,2020-04-13
1349,info@itcproperties.com,2020-04-13
3908,investorrelations@dfn.cn,2020-04-13
4739,info@firstcredit.com.hk,2020-04-13
4049,info@orientsecfin.com.hk,2020-04-13
2835,admin@etonmortgage.com.hk,2020-04-13
5039,kelvin@vtcredit.com.hk,2020-04-13
4747,cheersuccesshk@gmail.com,2020-04-13
3546,info@theone1.com.hk,2020-04-13
3338,info@joy-profit.com,2020-04-13
3218,enquiry@superiorassets.com.hk,2020-04-13
2129,cs@everlong.com,2020-04-13
1262,enquiry@wellwell.com.hk,2020-04-13
1553,wealthy_limited@yahoo.com.hk,2020-04-13
1268,enquiry@uaf.com.hk,2020-04-13
4468,info@moneysq.com,2020-04-13
4461,info@venturemarkit.com,2020-04-13
4453,enquiry@makewealthy.com.hk,2020-04-13
4077,info@vastveritas.com,2020-04-13
3769,fax@fccredit.hk,2020-04-13
2786,phfinance2015@gmail.com,2020-04-13
2091,enquiry@platina.net,2020-04-13
3771,kf@konew.com,2020-04-13
2476,loan@successfn.com,2020-04-13
4044,auyeung@kwanseng.com,2020-04-13
3787,info@egwml.com,2020-04-13
3758,conwayfinancelimitef@gmail.com,2020-04-13
3520,admin@goldennoble.com,2020-04-13
1920,kf@konew.com,2020-04-13
4975,info@springwoods.com,2020-04-13
4455,gofastdevelopment@gmail.com,2020-04-13
4436,admin@lamtex.com.hk,2020-04-13
3363,info@dwcredit.com.hk,2020-04-13
338,enquiry@swhyhk.com,2020-04-13
505,customer.service@swhyhk.com,2020-04-13
4772,info@cifund.com.hk,2020-04-13
4714,cs@premierfinancial.hk,2020-04-13
4464,cs@ufinance.co,2020-04-13
3330,info@winsonoil.com,2020-04-13
3063,info@acme925s.com,2020-04-13
4069,query@happymsl.com.hk,2020-04-13
4046,info@1finance.com.hk,2020-04-13
3326,ir@huajunintlgroup.com,2020-04-13
4717,info@hzfinance.net,2020-04-13
3525,info@epsec.com.hk,2020-04-13
2474,keiko@treaspot.com.hk,2020-04-13
2355,enquiry@hkfinance.com.hk,2020-04-13
5006,info@ufinancehk.co,2020-04-13
4743,admin@wintechfin.com,2020-04-13
4422,cs@luckyfinance.com.hk,2020-04-13
3776,befinance@biznetvigator.com,2020-04-13
3744,cs@todayisfinancelimited.com.hk,2020-04-13
3345,info@pizugroup.com,2020-04-13
3331,info@cyfinance.com.hk,2020-04-13
3323,centralinfo@beverleycredit.com.hk,2020-04-13
2832,info@maxxcaphk.com,2020-04-13
172,property@yth.com,2020-04-13
2783,kf@konew.com,2020-04-13
5448,finbd@ctrip.com,2020-04-13
3527,cs@bmasia388.com,2020-04-13
3339,marketing@delta-asia.com,2020-04-13
1543,info-agc@hsfinance.com.hk,2020-04-13
1103,client@hksinolink.com.hk,2020-04-13
4401,kwong@wscl.com.hk,2020-04-13
3768,info@wings.com.hk,2020-04-13
3767,info@wings.com.hk,2020-04-13
3741,info@rsfinance.com.hk,2020-04-13
3037,info.futures@jimei-investment.com,2020-04-13
2934,cs@yvonnecredit.com,2020-04-13
5014,info@cybertekInnovation.com,2020-04-13
4000,cs@plotiocredit.com,2020-04-13
3762,info@marblecapital.com.hk,2020-04-13
3129,enquiry@pmfin.com,2020-04-13
4054,enquiry@primecredit.com,2020-04-13
4080,enquiry@shkcredit.com.hk,2020-04-13
4059,enquiry@hkcfc.com.hk,2020-04-13
3737,info@creditfirstltd.com.hk,2020-04-13
3311,info@imperiumfg.com,2020-04-13
4405,info@merdeka.com.hk,2020-04-13
4990,info@eddidcredit.com,2020-04-13
4982,timothy@bestpractice.com.hk,2020-04-13
4693,enquiry@inmoney.com.hk,2020-04-13
4452,info@moredragon.com.hk,2020-04-13
4317,info@sunshinegold.hk,2020-04-13
3751,info@crowncredit.com.hk,2020-04-13
3514,info@winever.com.hk,2020-04-13
5432,info@pacificapexgp.com,2020-04-13
5429,admin@landlend.com.hk,2020-04-13
4427,cs@changfu8.com,2020-04-13
4383,info@topcredit.com.hk,2020-04-13
3753,soeasyc@yahoo.com.hk,2020-04-13
2910,information@goed.com,2020-04-13
5427,finance@seraitrade.com,2020-04-13
5420,finance_info@nicsang.com,2020-04-13
5027,info@egwml.com,2020-04-13
5020,enquiry@wfc-hk.com,2020-04-13
3515,info@maxichainfinance.com,2020-04-13
1535,cs@sgsl-hk.com,2020-04-13
4701,hazel.cheng@chinacig.hk,2020-04-13
4698,info@jetrichcapital.com,2020-04-13
4430,enquiry@epowerfinance.com,2020-04-13
4421,cs@primechina.com.hk,2020-04-13
4375,cs@tpfhk.com,2020-04-13
4225,info@jpfltd.com,2020-04-13
3719,info@waimeidat.com,2020-04-13
2399,bgresources@baosteel.com,2020-04-13
5426,enquiry@listermoney.com,2020-04-13
5422,info@fujicredence.com,2020-04-13
4970,info@citictrust.com.hk,2020-04-13
3984,info.trestars@gmail.com,2020-04-13
3725,cs@ggcl.com.hk,2020-04-13
5412,enq@smartcash.hk,2020-04-13
4919,cs@dfh.cn,2020-04-13
4028,info@cshldgs.com,2020-04-13
3718,info@noblecentury.hk,2020-04-13
1073,hotline@cfsg.com.hk,2020-04-13
4721,info@trefoilpartners.com,2020-04-13
4350,admin@peoplefinance.com.hk,2020-04-13
4037,umoneycash2015@gmail.com,2020-04-13
1903,info@abbl.com,2020-04-13
3183,csi-callcentre@citics.com.hk,2020-04-13
4009,sales_bigfung@hotmail.com,2020-04-13
3980,cs@loongwahfinance.hk,2020-04-13
3950,parklane1401@gmail.com,2020-04-13
3304,info@atmortgage.com.hk,2020-04-13
3295,info@hyr.com.hk,2020-04-13
3290,cs@s-finance.com,2020-04-13
3122,info@capitaldfinance.com,2020-04-13
4936,enquiry@seiah.com,2020-04-13
4703,info@fulaigroup.com.hk,2020-04-13
4408,ir@776.hk,2020-04-13
4394,info@darencredit.com.hk,2020-04-13
4234,info@wingscapital.com.hk,2020-04-13
4018,mk1512f@gmail.com,2020-04-13
3679,cs@dfzq.com.hk,2020-04-13
3504,cashfinance2013@gmail.com,2020-04-13
2995,sales@foreverproperty.com,2020-04-13
5388,martin.lau@huagecredit.com,2020-04-13
5384,regal883@yahoo.com,2020-04-13
3259,ir@cbg.com.hk,2020-04-13
3471,jng@chunmou.com.hk,2020-04-13
5385,topwellfin@gmail.com,2020-04-13
4940,info@sino-union.com.hk,2020-04-13
5004,contact@kingbostrike.com,2020-04-13
4816,info@it-holdings.com.hk,2020-04-13
3926,info@justfinance.hk,2020-04-13
3127,enquiry@easybillion.com.hk,2020-04-13
2817,cf_info@centafinance.com,2020-04-13
5367,support@neat.hk,2020-04-13
5363,vichongcapital@gmail.com,2020-04-13
5360,cs@donghill-credit.com,2020-04-13
5352,robin.hu@zqcap.com,2020-04-13
5320,info@mrrightfinance.com,2020-04-13
4265,csdept@hjfi.com.hk,2020-04-13
5349,cs@come2lend.com,2020-04-13
3867,info@tongbofinance.com,2020-04-13
4588,info@ggcf.com.hk,2020-04-13
3257,info@colbert.com.hk,2020-04-13
5323,yuelongfinance.ltd@gmail.com,2020-04-13
3742,ksf1710@gmail.com,2020-04-13
4309,cs@fieldfinance.com,2020-04-13
1884,customer.service@gtjas.com.hk,2020-04-13
2884,info@cpy.com.hk,2020-04-13
4434,mortgage@property.hk,2020-04-13
4374,enquiry@hkmortgage.hk,2020-04-13
4014,info@egwml.com,2020-04-13
3726,info@twcf.com.hk,2020-04-13
2937,mkbr@loan-easy.com.hk,2020-04-13
501,mail_box@tomson.com.hk,2020-04-13
3484,enquiry@hkfinance.com.hk,2020-04-13
5402,info@mannafinance.org,2020-04-13
5400,info@shfinance.hk,2020-04-13
4450,credit@ofa.on.cc,2020-04-13
4340,info@yif.com.hk,2020-04-13
4017,finance_info@nicsang.com,2020-04-13
3971,info@welab.co,2020-04-13
3703,enquiries@trcf.com.hk,2020-04-13
3697,info@masonhk.com,2020-04-13
3554,enquiry@v-smart.com.hk,2020-04-13
2122,enquiry@easybillion.com.hk,2020-04-13
1915,wt@freewayfinance.com.hk,2020-04-13
4396,ploan@easyonefg.com,2020-04-13
5019,plcl2209@gmail.com,2020-04-13
4715,daywon.finance@gmail.com,2020-04-13
4681,contact@qupital.com,2020-04-13
4445,info@gic.com.hk,2020-04-13
4196,info@gwcapital.com.hk,2020-04-13
3502,enquiry@amtdgroup.com,2020-04-13
2452,nwsnews@nws.com.hk,2020-04-13
5393,info@canoe.com.hk,2020-04-13
5392,info@pfinancehk.com,2020-04-13
4603,info-ac@sunfund.com.hk,2020-04-13
4352,cs@cmbccap.com,2020-04-13
4349,umhfinance@biznetvigator.com,2020-04-13
4282,enquiry@amplefinance.com.hk,2020-04-13
3669,nepalfinance@gmail.com,2020-04-13
561,enquiry@chowtaifook.com,2020-04-13
3959,inquire@kfinance.com.hk,2020-04-13
4675,info@innovest.com.hk,2020-04-13
4576,Apologoldfinance@gmail.com,2020-04-13
4418,yiukwongcredit@gmail.com,2020-04-13
4393,hazel.cheng@chinacig.hk,2020-04-13
4013,info@richglory.hk,2020-04-13
3983,info@triumphantcredit.com,2020-04-13
3951,ir@cifg.com.hk,2020-04-13
3915,cs@onyipfinance.com,2020-04-13
3307,info@silverburghk.com,2020-04-13
3057,firstcredit29@gmail.com,2020-04-13
5405,cgse@cgse.com.hk,2020-04-13
5397,info@mcfinance.hk,2020-04-13
5026,info@wgfs168.com,2020-04-13
4661,public@lerado.com.hk,2020-04-13
4414,info@tycredit.com.hk,2020-04-13
4379,leading1356@gmail.com,2020-04-13
3989,info@ycuniversal.com.hk,2020-04-13
3276,cs@finet.com.hk,2020-04-13
2775,general.info@panasian.biz,2020-04-13
4391,info@rabbitcredit.com.hk,2020-04-13
4587,asset_group@yxsh.hk,2020-04-13
4328,info@cashcredit.com.hk,2020-04-13
4322,info@prior.com.hk,2020-04-13
4224,info@churchill-finance.com,2020-04-13
3975,info@oiwah.com.hk,2020-04-13
3422,info@bongyan.com.hk,2020-04-13
3281,info@fullrichasia.com.hk,2020-04-13
3174,scsl@hotmail.com.hk,2020-04-13
3046,info@chinarisesec.com.hk,2020-04-13
2936,credit@edward-wong-group.com,2020-04-13
1511,customerservicehk@bmw.com,2020-04-13
1159,Fuyo-ir@fgl.co.jp,2020-04-13
254,contact@wintongroup.com.hk,2020-04-13
4997,cs@teamwayfinance.com,2020-04-13
4708,apply@friendlygo.com.hk,2020-04-13
4351,info@tanrich.com.hk,2020-04-13
3696,info@wings.com.hk,2020-04-13
3694,info@fse.com.hk,2020-04-13
3495,enquiry@pinestone.com.hk,2020-04-13
3492,info@alrightfinance.com,2020-04-13
3181,info@goccapital.com,2020-04-13
2821,cs01@gainherofinance.com,2020-04-13
2080,ctf-hr@hkcts.com,2020-04-13
645,mailbox@afh.hk,2020-04-13
4368,enquiry@gcfinancing.com.hk,2020-04-13
3991,enquiry@realord.com.hk,2020-04-13
3977,sales@skyadvisor.com.hk,2020-04-13
3973,service@eif.com.hk,2020-04-13
3968,enquiry@kwcfinance.com,2020-04-13
2816,info@topway.hk,2020-04-13
1509,enquiry@shougang-grand.com.hk,2020-04-13
4969,info@ecloanhk.com,2020-04-13
4631,info@centuryfunda.com.hk,2020-04-13
4301,cs@gscredit.hk,2020-04-13
3994,info@hkcredit.hk,2020-04-13
3970,info@thingon.com,2020-04-13
3961,honored905@gmail.com,2020-04-13
3910,cs@icash.com.hk,2020-04-13
3654,info@wealthlink.hk,2020-04-13
3286,info@290.com.hk,2020-04-13
4672,info@egwml.com,2020-04-13
4318,enquiry@ecstar-fin.com,2020-04-13
4300,finance-cs@formax.hk,2020-04-13
3944,priority1one@yahoo.com.hk,2020-04-13
3109,info@cashcredit.com.hk,2020-04-13
3045,info@gic.com.hk,2020-04-13
1666,enquiry@nr-group.com.hk,2020-04-13
4917,Info@eutocapital.com,2020-04-13
4670,cs@newaycredit.com,2020-04-13
4369,info@mrmoney.hk,2020-04-13
4360,cs@dlo-credit.com,2020-04-13
3939,info@ichibancredit.com.hk,2020-04-13
3655,enquiry@ftf.hk,2020-04-13
3401,info@runtuo.hk,2020-04-13
3108,info@hkcf-ltd.com,2020-04-13
4302,info@gushencredit.com,2020-04-13
4263,info@vtc.com.hk,2020-04-13
3946,info@dingyi.hk,2020-04-13
3943,enquiry@uni-century.com,2020-04-13
3519,info@pinnacle-finance.com.hk,2020-04-13
3491,surpasswml@hotmail.com,2020-04-13
3245,info@petersonhk.com,2020-04-13
3119,sales@21f.hk,2020-04-13
3029,michael@amplecap.com,2020-04-13
2848,actex@actex-finance.com,2020-04-13
2644,contact@wintongroup.com.hk,2020-04-13
1496,info@yicko.com,2020-04-13
4932,contacts@velotrade.com,2020-04-13
4634,info@acetopcredit.com ,2020-04-13
3681,faster1113@yahoo.com.hk,2020-04-13
2984,cs@gyzq.com.hk,2020-04-13
664,cs@hitachi-capital.com.hk,2020-04-13
4773,cs@bluemount.com,2020-04-13
4261,cs@wealthexpress.hk,2020-04-13
4259,info@hs-asset.com,2020-04-13
4245,info@8192.com.hk,2020-04-13
3678,info@cshldgs.com,2020-04-13
3188,info@taiwofinance.com,2020-04-13
234,funding@yiufungfinancelimited.com,2020-04-13
4890,hello@fundpark.com,2020-04-13
4305,info@buddy2lend.com,2020-04-13
4246,infohk@zzcapitalinternational.com,2020-04-13
4241,info@newtimesfinance.com,2020-04-13
4235,info@sun8029.com,2020-04-13
3956,perfect.credit@yahoo.com.hk,2020-04-13
3936,info@elephantclub.com,2020-04-13
3031,henryh@tradecapital.com.hk,2020-04-13
4288,info@gcredit.com.hk,2020-04-13
3893,online@bsgroup.com.hk,2020-04-13
3661,cs@srpc.com.hk,2020-04-13
3103,info@silverbasegroup.com,2020-04-13
2564,cs@wfcredit.com.hk,2020-04-13
1835,enquiry@nr-group.com.hk,2020-04-13
4627,lgl603603@gmail.com,2020-04-13
3102,info@longsfinance.com.hk,2020-04-13
3205,kingsway_pl@hotmail.com,2020-04-13
5303,enquiry@truecredithk.com,2020-04-13
5295,info@bands.financial,2020-04-13
5167,headoffice@apassets.com,2020-04-13
1303,info@getnice.com.hk,2020-04-13
1293,estherlo@hsf.hk,2020-04-13
5290,enquiry@amtdgroup.com,2020-04-13
5297,info@creditmaster.com.hk,2020-04-13
5255,69693399@aixpcredit.com,2020-04-13
5289,snapcredit@yahoo.com,2020-04-13
5287,nutsmoneyltd@gmail.com,2020-04-13
5286,cs@cnzsqh.hk,2020-04-13
5262,info@cashdollar.hk,2020-04-13
5249,cs@sky-star.hk,2020-04-13
5253,support@metrofinanceservices.com,2020-04-13
5098,inquiry@apexfinancehk.com,2020-04-13
4796,enquiry@jsfinancial.com.hk,2020-04-13
5234,info@ycinternationalhk.com,2020-04-13
5239,info@oasiscredit.com.hk,2020-04-13
4496,admin@cobot.com.hk,2020-04-13
914,wecaregroup@pacific-ace.com,2020-04-13
