MLR_no,Website,Time-Scrapped
4908,sagarmathafinance.com,2020-04-13
4878,msgrouphk.com,2020-04-13
4629,crrcgc.cc,2020-04-13
4615,chunlink.com.hk,2020-04-13
3180,npf.hk,2020-04-13
2928,creditgain.com.hk,2020-04-13
1643,www.pokayonline.com,2020-04-13
1097,sunwahgroup.com,2020-04-13
4961,www.cssec.com.hk,2020-04-13
4642,melodyfinance.com.hk,2020-04-13
4248,www.hongdafin.com,2020-04-13
3914,irasia.com,2020-04-13
3221,www.newone.com.hk,2020-04-13
2868,amtd.com.hk,2020-04-13
4914,tccfinance.hk,2020-04-13
4895,primedecent.com,2020-04-13
4526,ttfinance.hk,2020-04-13
3933,www.opusgroup.com.hk,2020-04-13
3444,ebl.com.bd,2020-04-13
3273,gicl.com.hk,2020-04-13
2662,0808.com.hk,2020-04-13
2580,www.emperorcapital.com,2020-04-13
877,yaufungfinance.com,2020-04-13
2925,afinanceltd.com.hk,2020-04-13
5250,gpsl.grandpartners.com.hk,2020-04-13
5236,egwml.com,2020-04-13
3955,pinscapital.com,2020-04-13
384,nanfung.com,2020-04-13
3260,cfsh.com.hk,2020-04-13
5217,egwml.com,2020-04-13
4226,polyauction.com.hk,2020-04-13
4217,surewincredit.com,2020-04-13
4051,flx.com.hk,2020-04-13
3420,uacredit.com.hk,2020-04-13
895,greateagle.com.hk,2020-04-13
2667,gocredit.com.hk,2020-04-13
4930,easygoldenfinance.com.hk,2020-04-13
4622,metcap.com.hk,2020-04-13
4283,wahcc.com.hk,2020-04-13
3652,web.ando-cap.com,2020-04-13
3627,mortgage-one.com.hk,2020-04-13
3619,phoeniciangroup.com,2020-04-13
3612,prosperousfinance.com.hk,2020-04-13
2914,fastbillion.com.hk,2020-04-13
2417,laisun.com,2020-04-13
1107,nwd.com.hk,2020-04-13
4927,grandprofitgp.com,2020-04-13
4859,healthyfinanceltd.com,2020-04-13
4563,skyworldasia.com,2020-04-13
3909,capone.hk,2020-04-13
3894,nkf.com.hk,2020-04-13
3862,www.autoitalia.com.hk,2020-04-13
3448,eg-credit.com,2020-04-13
2656,hanglok.com,2020-04-13
2179,www.kgieworld.com,2020-04-13
4902,ec-credit.com.hk,2020-04-13
2766,convoy.com.hk,2020-04-13
2416,www.lshcredit.com.hk,2020-04-13
1476,styland.com,2020-04-13
1237,shkfinance.com.hk,2020-04-13
3922,safegoldfinance.com,2020-04-13
4598,efcg.com.hk,2020-04-13
3622,rmsl.com.hk,2020-04-13
1132,shuntakgroup.com,2020-04-13
2537,www.tsf.com.hk,2020-04-13
4220,www.sctrade.com,2020-04-13
4215,egwml.com,2020-04-13
4210,vantageholdings.com,2020-04-13
3900,www.altus.com.hk,2020-04-13
3626,winning.hk,2020-04-13
3597,leadrich.com.hk,2020-04-13
3400,cindahk.com,2020-04-13
3087,goldingroup.com,2020-04-13
2982,nh-capital.com,2020-04-13
4885,egwml.com,2020-04-13
4850,e-cash.com.hk,2020-04-13
4569,elendasia.com.hk,2020-04-13
3623,msuccess.com,2020-04-13
2973,unionfinance.com.hk,2020-04-13
4889,www.spdbi.com,2020-04-13
4570,goodsino.com.hk,2020-04-13
4417,kongwellhk.com,2020-04-13
3662,victorycap.com,2020-04-13
3615,orchardfinance.com.hk,2020-04-13
2234,silverhope.com.hk,2020-04-13
5169,novamondo.asia,2020-04-13
4213,pakling.com.hk,2020-04-13
4205,kaifungfinance.com,2020-04-13
4203,cfih.hk,2020-04-13
3885,dimdimnet.com.hk,2020-04-13
3592,chinays.hk,2020-04-13
2872,aozora-apf.com,2020-04-13
943,grandcityinvestment.com,2020-04-13
174,california.com.hk,2020-04-13
5184,wealthlink.hk,2020-04-13
4871,wealthlink.hk,2020-04-13
4836,www.hysan.com.hk,2020-04-13
4573,longjourneyfinance.com,2020-04-13
4298,ookfinance.com.hk,2020-04-13
4091,onshun1112.com,2020-04-13
3646,cgnhs.com.cn,2020-04-13
3447,cfinance.hk,2020-04-13
3086,splendorfc.com,2020-04-13
2665,www.bmisonline.com,2020-04-13
2605,www.wpf.com.hk,2020-04-13
3896,www.emperorint.com,2020-04-13
3858,skymillioncredit.com,2020-04-13
3423,hkex109.hk,2020-04-13
2962,chinays.hk,2020-04-13
2695,orix.com.hk,2020-04-13
887,tpsec.com.hk,2020-04-13
5182,fastcredit.com.hk,2020-04-13
5162,foundationfinance.hk,2020-04-13
4832,1808.com.hk,2020-04-13
4602,gisfinanceco.com,2020-04-13
4275,dimdimnet.com.hk,2020-04-13
4202,rhappy8.com,2020-04-13
3849,greatluckmso.com,2020-04-13
2528,sec.abci.com.hk,2020-04-13
4591,rocky.com.hk,2020-04-13
4912,championcredit.com.hk,2020-04-13
4575,hkv88.com,2020-04-13
4566,pru.hk,2020-04-13
4233,jeffcredit.com.hk,2020-04-13
4228,gamortgage.com.hk,2020-04-13
4216,www.toppowerfinance.com.hk,2020-04-13
4194,sinovisionworldwide.com,2020-04-13
4193,egwml.com,2020-04-13
4186,finance-management-service-2.business.site,2020-04-13
3241,chinacig.hk,2020-04-13
2507,dynamic.hk,2020-04-13
4795,www.topgold.com.hk,2020-04-13
4604,www.nkf.com.hk,2020-04-13
4284,leebongcredit.com,2020-04-13
4197,citictrust.com.hk,2020-04-13
3620,hungsing.org,2020-04-13
3414,easy-loan.com.hk,2020-04-13
4462,ecl.asia,2020-04-13
4271,www.pawnshop.com.hk,2020-04-13
4256,bqpartners.com.hk,2020-04-13
4159,snowballcapital.com.hk,2020-04-13
3819,ppf.com.hk,2020-04-13
3079,reliancecredit.com.hk,2020-04-13
2149,firstshanghai.com.hk,2020-04-13
1046,hyc.com.hk,2020-04-13
4533,egwml.com,2020-04-13
2971,dwcredit.com.hk,2020-04-13
2514,teint.com.hk,2020-04-13
2203,ptcorp.com.hk,2020-04-13
1605,utrustinternational.com,2020-04-13
3016,kcash.hk,2020-04-13
3521,cashingpro.hk,2020-04-13
3629,gv-finance.com,2020-04-13
3096,mgmoney.com.hk,2020-04-13
5134,smartboyfinance.com,2020-04-13
4198,qianhaihealth.com.hk,2020-04-13
4173,tih.hk,2020-04-13
2812,grandming.com.hk,2020-04-13
2602,rsfinance.com.hk,2020-04-13
5138,longwincredit.com,2020-04-13
4869,sinostaramc.com,2020-04-13
4827,736.com.hk,2020-04-13
4169,totalexpress.com.hk,2020-04-13
3642,kaiyuanholdings.com,2020-04-13
3397,rich-well.com.hk,2020-04-13
3394,egwml.com,2020-04-13
2587,topbillionfinance.com,2020-04-13
1581,kdc.com.hk,2020-04-13
1459,www.gwamcc.com.hk,2020-04-13
4168,axht.hk,2020-04-13
3863,kingscredithk.com,2020-04-13
3853,wfc-hk.com,2020-04-13
3610,cypressfinance.com.hk,2020-04-13
3582,www.richestfinance.com,2020-04-13
3439,victoryfg.com.hk,2020-04-13
3242,grandcrystalfinance.com,2020-04-13
2968,www.prosperassets.com.hk,2020-04-13
2893,p-financial.com,2020-04-13
2859,wosum.com.hk,2020-04-13
2520,pofieldholdings.com.hk,2020-04-13
5565,ssfinances.com,2020-04-13
5177,cscloan.com,2020-04-13
5164,cashlane.com.hk,2020-04-13
4884,parchment.hk,2020-04-13
3857,trueway.com.hk,2020-04-13
2912,bocigroup.com,2020-04-13
1843,noblefund.com.hk,2020-04-13
1831,www.leahander.com,2020-04-13
1445,www.gzjrkg.com,2020-04-13
5127,graciepoint.com,2020-04-13
5118,whinofortune.com,2020-04-13
3567,www.necap.co.jp,2020-04-13
2911,aacompass.com.hk,2020-04-13
1803,www.sinopec.com,2020-04-13
1219,aeon.com.hk,2020-04-13
3015,maxcolm.com,2020-04-13
5110,xfb.com.hk,2020-04-13
4809,wealthlink.hk,2020-04-13
4183,byfin.com.hk,2020-04-13
4136,trcf.com.hk,2020-04-13
3732,www.cmbccap.com,2020-04-13
3466,shuntatfinance.com,2020-04-13
3008,wealthlee.com,2020-04-13
2753,vcgroup.com.hk,2020-04-13
1086,www.tokaitokyo-fh.jp,2020-04-13
5143,grand-success.com.hk,2020-04-13
4847,noahwm.com,2020-04-13
3576,simplecredit.com.hk,2020-04-13
3237,fullgold.hk,2020-04-13
2652,www.kcgmarket.com,2020-04-13
2649,easyfortune.com.hk,2020-04-13
1450,www.kingston.com.hk,2020-04-13
2404,www.emperorfinance.com,2020-04-13
4562,accgirl.com,2020-04-13
5130,kamluen.com,2020-04-13
5114,fervent-yonath-685d50.netlify.com,2020-04-13
4518,asiaonecredit.com,2020-04-13
4144,successfortune.com.hk,2020-04-13
3089,moneylinkasia.com,2020-04-13
5549,eximbankbd.com,2020-04-13
4516,dxzq.com.hk,2020-04-13
4153,joyrichfinance.com,2020-04-13
4146,www.shutoken-lease.co.jp,2020-04-13
4139,billioncredit.com.hk,2020-04-13
3404,easycash.hk,2020-04-13
3231,financeone.com.hk,2020-04-13
3026,gtghl.com,2020-04-13
4520,dianholding.com,2020-04-13
4223,cn.equitiesfirst.com.hk,2020-04-13
4124,www.fcsec.com.hk,2020-04-13
3608,nikofinancial.com.hk,2020-04-13
2211,www.hkbla.com.hk,2020-04-13
1090,chuangs-china.com,2020-04-13
4821,sunsecurities.com.hk,2020-04-13
4726,ffhk.com.hk,2020-04-13
4557,www.ctsec.com.hk,2020-04-13
3589,grandprospects.com,2020-04-13
3558,1stpmfcapital.com,2020-04-13
3387,powercash.hk,2020-04-13
3075,yeslady.hk,2020-04-13
3074,yeslady.hk,2020-04-13
5542,millionscredit.com,2020-04-13
5531,cash-buzzer.com,2020-04-13
4508,bbps.com.hk,2020-04-13
4456,andycredithk.com,2020-04-13
4162,ziven.com.hk,2020-04-13
4140,egwml.com,2020-04-13
3848,egwml.com,2020-04-13
2953,mcltd.hk,2020-04-13
3828,masterfinance.com.hk,2020-04-13
5121,fastcash.com.hk,2020-04-13
4856,compofinancial.com.hk,2020-04-13
4829,kkfcredit.com.hk,2020-04-13
4776,fundingreach.com,2020-04-13
3817,vmssec.com,2020-04-13
3796,premiercap.com.hk,2020-04-13
3061,easyloanslimited.com,2020-04-13
1152,www.tonghaifinancial.com,2020-04-13
745,www.hk.lf.mufg.jp,2020-04-13
1346,promise.com.hk,2020-04-13
4811,topup-capital.com,2020-04-13
4523,creditone.hk,2020-04-13
4212,ifinancial.com.hk,2020-04-13
3931,www.tannet-group.com,2020-04-13
3389,creditone.hk,2020-04-13
2803,wingwui.com.hk,2020-04-13
724,artleyfinance.com,2020-04-13
3084,ego-finance.com,2020-04-13
5113,charthouse-group.com,2020-04-13
4793,gwpaholdings.com,2020-04-13
4791,prosperityasia.com.hk,2020-04-13
4789,bqzbtz.com,2020-04-13
4182,phfinance.hk,2020-04-13
4165,www.hkpcr.com,2020-04-13
4158,knkfinance.com,2020-04-13
4019,green-international.com,2020-04-13
3842,www.monetiumcredit.com.hk,2020-04-13
3564,kbf.com.hk,2020-04-13
3392,msclc.com,2020-04-13
3148,beloscap.com,2020-04-13
3073,modernfinance.com.hk,2020-04-13
3360,www.chinastock.com.hk,2020-04-13
4097,hkml.com.hk,2020-04-13
3351,masterpiecefinance.com,2020-04-13
3228,crossoverfinance.com,2020-04-13
5525,hualiangfinance.com,2020-04-13
5163,creditstation.com.hk,2020-04-13
4849,futuholdings.com,2020-04-13
4790,ssif.com.hk,2020-04-13
4400,queensfinance.hk,2020-04-13
4111,gdmortgage.com.hk,2020-04-13
4108,gpcfhk.com,2020-04-13
3581,halcyon.com.hk,2020-04-13
2660,hongkongcc.com,2020-04-13
2176,jh188.com.hk,2020-04-13
5129,hkprimeasia.com,2020-04-13
4837,haotianhk.com,2020-04-13
4242,yedpay.com,2020-04-13
4188,apacresources.com,2020-04-13
3485,chiefgroup.com.hk,2020-04-13
3170,bibbyfinancialservices.hk,2020-04-13
3072,ibccpa.com,2020-04-13
3067,i-access.com,2020-04-13
3777,www.csci.hk,2020-04-13
3230,www.primebank.com.bd,2020-04-13
2646,hkfihg.com,2020-04-13
730,solidcapitalholdings.com,2020-04-13
4174,everteamgroup.com,2020-04-13
4127,www.pawnshop.com.hk,2020-04-13
3793,futures.e-capital.com.hk,2020-04-13
3571,jitfinance.com.hk,2020-04-13
3549,skyhero.com.hk,2020-04-13
3350,jtifinance.com.hk,2020-04-13
3010,fortunecredit.com.hk,2020-04-13
5512,tpfghk.com,2020-04-13
4524,zwap.hk,2020-04-13
4501,jt-finance.com,2020-04-13
3572,perseus.hk,2020-04-13
2905,etcfinance.com.hk,2020-04-13
2583,www.ccland.com.hk,2020-04-13
4513,moneymonkey.hk,2020-04-13
4512,gransing.com,2020-04-13
4485,wondint.com,2020-04-13
3987,ibccpa.com,2020-04-13
3557,chinacig.hk,2020-04-13
2693,lukfook.com,2020-04-13
5084,bisonfinancecredit.com,2020-04-13
4482,moneytouch.com.hk,2020-04-13
4101,www.cmbi.com.hk,2020-04-13
3353,gdfinance.com.hk,2020-04-13
2954,firstcredit.com.hk,2020-04-13
4486,gogocash.hk,2020-04-13
4107,0030hk.com,2020-04-13
4095,lerado.com,2020-04-13
3841,amlhk.net,2020-04-13
3789,premium888.com,2020-04-13
3773,stifg.com,2020-04-13
3500,www.firstbullion.com,2020-04-13
2846,hkfyg.org.hk,2020-04-13
5112,3singintl.com,2020-04-13
3578,experthk.com,2020-04-13
2901,ccwinternational.hk,2020-04-13
1950,www.genertec.com.cn,2020-04-13
1739,cmland.hk,2020-04-13
1452,www.swhyhk.com,2020-04-13
5150,chinaptypty.com,2020-04-13
3543,www.wwindsec.com,2020-04-13
3538,www.zrpts.com,2020-04-13
3530,seaburytfx.com,2020-04-13
3058,futatcredit.com,2020-04-13
2346,bfs.com.hk,2020-04-13
2645,konew.com,2020-04-13
5108,credithero.xyz,2020-04-13
4076,clbcredit.com,2020-04-13
3349,golddynasty.com.hk,2020-04-13
3005,iccredithk.com,2020-04-13
1768,www.pacificinsurance.com.hk,2020-04-13
1741,bfinance.com.hk,2020-04-13
1431,laisun.com,2020-04-13
1314,anglochinesegroup.com,2020-04-13
310,www.itochu.com.hk,2020-04-13
4105,kpcg.com.hk,2020-04-13
2632,www.pawnshop.com.hk,2020-04-13
5494,profitablecredit.com,2020-04-13
5075,egwml.com,2020-04-13
4759,lkgroup.com.hk,2020-04-13
3357,haotianfinance.com.hk,2020-04-13
5507,wwfinance.com.hk,2020-04-13
5074,sunshinehkltd.com,2020-04-13
4499,kinfatcredit.com.hk,2020-04-13
4116,3scredit.com.hk,2020-04-13
1944,www.poems.com.hk,2020-04-13
1881,www.jinhuiship.com,2020-04-13
1563,rdl.hk,2020-04-13
1143,abchina.com,2020-04-13
802,malahon.com,2020-04-13
5469,tcsec.com,2020-04-13
2945,chinasunholding.com,2020-04-13
5061,hooverfinance.com,2020-04-13
4810,uafinance.hk,2020-04-13
4760,taihesecurities.com,2020-04-13
4113,lasasa.hk,2020-04-13
3358,www.megabondfinance.com,2020-04-13
2487,sccredit.com,2020-04-13
5105,cash-square.com,2020-04-13
5079,gogo-lending.com,2020-04-13
4490,henter.com.hk,2020-04-13
4137,easystarhk.com,2020-04-13
4109,mgfin.com.hk,2020-04-13
4087,wealth-ihg.com.hk,2020-04-13
4057,snfinance.com.hk,2020-04-13
3212,www.sino-credit.com.hk,2020-04-13
2840,szietech2.sznetsoft.com,2020-04-13
2681,firsthorizon.com.hk,2020-04-13
49,asiasec.com.hk,2020-04-13
2831,sunfinance.com.hk,2020-04-13
5478,affluencehk.com,2020-04-13
3700,ugfinance.blogspot.hk,2020-04-13
5055,ull.com.hk,2020-04-13
4805,i-choice.hk,2020-04-13
3561,smecreditco.com,2020-04-13
5088,fortunetecomm.com,2020-04-13
4756,zhongcai.finance,2020-04-13
4060,zerofinance.hk,2020-04-13
3801,goldenconnectionfinance.webs.com,2020-04-13
3667,pfinancehk.com,2020-04-13
2952,rhbinvest.com.hk,2020-04-13
2641,kaisergroup.com.hk,2020-04-13
2625,www.kgieworld.com,2020-04-13
2575,www.clh.com.hk,2020-04-13
1613,oriental-patron.com.hk,2020-04-13
5477,winfieldcredit.mystrikingly.com,2020-04-13
5473,constant-credit.com,2020-04-13
4460,hkctfh.com,2020-04-13
4045,evehk.com.hk,2020-04-13
3526,welend.hk,2020-04-13
3325,lff.com.hk,2020-04-13
3320,lff.com.hk,2020-04-13
2318,qingdaohi.com,2020-04-13
1550,preamblegroup.com,2020-04-13
1349,itcproperties.com,2020-04-13
3908,dfh.cn,2020-04-13
4739,firstcredit.com.hk,2020-04-13
4338,cafinancegroup.com,2020-04-13
4049,orientsecfin.com.hk,2020-04-13
3135,firstasiafinance.com,2020-04-13
593,www.wocom.com.hk,2020-04-13
5039,vantagetrump.com.hk,2020-04-13
3546,theone1.com.hk,2020-04-13
3338,joyprofitfinance.com,2020-04-13
3218,superiorassets.com.hk,2020-04-13
2129,everlong.com,2020-04-13
1547,i-berich.com,2020-04-13
1262,wellwell.com.hk,2020-04-13
4110,ezcash.com.hk,2020-04-13
1268,uaf.com.hk,2020-04-13
5460,americanexpress.com,2020-04-13
5086,cctland.com,2020-04-13
4468,moneysq.com,2020-04-13
4461,venturemarkit.com,2020-04-13
4453,makewealthy.com.hk,2020-04-13
4077,vastveritas.com,2020-04-13
3769,fccredit.hk,2020-04-13
2836,hongkongparkview.com,2020-04-13
2786,phfinance.hk,2020-04-13
2091,platinum-asia.com,2020-04-13
981,www.sojitz.com,2020-04-13
3771,konew.com,2020-04-13
2476,successfn.com,2020-04-13
3787,egwml.com,2020-04-13
3758,conway-hk.com,2020-04-13
3520,goldennoble.com,2020-04-13
1920,konew.com,2020-04-13
4975,springwaters.hk,2020-04-13
4438,chinaoceanfishing.hk,2020-04-13
4436,lamtex.com.hk,2020-04-13
3363,dwcredit.com.hk,2020-04-13
3217,finance-2.com,2020-04-13
457,marubeni.com,2020-04-13
338,www.swhyhk.com,2020-04-13
505,www.swhyhk.com,2020-04-13
4772,www.cifund.com.hk,2020-04-13
4714,premierfinancial.hk,2020-04-13
4464,ufinance.co,2020-04-13
3330,www.winsonoil.com,2020-04-13
3063,acmejewel.com,2020-04-13
5449,intrabase.hk,2020-04-13
4069,happymsl.com.hk,2020-04-13
4046,1finance.com.hk,2020-04-13
3326,www.huajunintlgroup.com,2020-04-13
4717,hzfinance.net,2020-04-13
3525,epsec.com.hk,2020-04-13
3144,www.iats.hk,2020-04-13
2474,treaspot.com.hk,2020-04-13
2355,hkfinance.hk,2020-04-13
5006,ufinance.co,2020-04-13
4743,wintechfinance.com,2020-04-13
4422,luckyfinance.com.hk,2020-04-13
3744,www.todayisfinancelimited.com.hk,2020-04-13
3345,pizugroup.com,2020-04-13
3331,cyfinance.com.hk,2020-04-13
3323,beverleycredit.business.site,2020-04-13
3002,hkwp.com,2020-04-13
2832,maxxcapital.com.hk,2020-04-13
172,yth.com,2020-04-13
2783,konew.com,2020-04-13
5448,jr.ctrip.com,2020-04-13
3527,bmasia388.com,2020-04-13
3339,delta-asia.com,2020-04-13
1543,www.hsfinance.com.hk,2020-04-13
1103,www.hksinolink.com.hk,2020-04-13
4761,mythcredit.com,2020-04-13
4741,www.hcehk.com,2020-04-13
4401,wscl.com.hk,2020-04-13
3768,wings.com.hk,2020-04-13
3767,wings.com.hk,2020-04-13
3741,rsfinance.com.hk,2020-04-13
3037,jimei-investment.com,2020-04-13
2999,tophillfinance.com,2020-04-13
2934,yvonnecredit.com,2020-04-13
5443,hktcare.com,2020-04-13
4448,huabangfinancial.com,2020-04-13
4000,plotiocredit.com,2020-04-13
3129,pmfin.com,2020-04-13
2989,ipglobal-ltd.com,2020-04-13
4054,www.primecredit.com,2020-04-13
3766,richcreditfinance.com,2020-04-13
4080,shkcredit.com.hk,2020-04-13
3865,foobofinance.com,2020-04-13
5037,goodcash.co,2020-04-13
4059,hkcfc.com.hk,2020-04-13
4025,hk1282credit.com,2020-04-13
3737,creditfirsthk.com,2020-04-13
4405,merdeka.com.hk,2020-04-13
4990,eddidcredit.com,2020-04-13
4982,bestpractice.com.hk,2020-04-13
4647,futec.com,2020-04-13
4452,moredragon.com.hk,2020-04-13
4317,sunshinegold.hk,2020-04-13
4055,www.yuanta.com,2020-04-13
3751,crowncredit.com.hk,2020-04-13
3514,www.winever.com.hk,2020-04-13
5432,pacificapexgp.com,2020-04-13
5429,landlend.com.hk,2020-04-13
4383,topcredit.com.hk,2020-04-13
4004,greatwayfinance.com,2020-04-13
3753,soeasyc.com,2020-04-13
3328,www.hfl.hk,2020-04-13
3309,actually.com.hk,2020-04-13
2910,goed.force.com,2020-04-13
5427,finance.seraitrade.com,2020-04-13
5420,nicsang.com,2020-04-13
5027,egwml.com,2020-04-13
5020,wfc-hk.com,2020-04-13
3757,www.finsofthk.com,2020-04-13
3515,maxichainfinance.com,2020-04-13
1535,sgsl-hk.com,2020-04-13
4635,wecashfinance.com,2020-04-13
4701,chinacig.hk,2020-04-13
4698,jetrichcapital.com,2020-04-13
4430,www.epowerfinance.com,2020-04-13
4421,primechina.com.hk,2020-04-13
4375,tpfhk.com,2020-04-13
3719,waimeidat.com,2020-04-13
3489,coamci.com,2020-04-13
2399,www.baosteelresources.com,2020-04-13
5426,listermoney.com,2020-04-13
5422,fujicredence.com,2020-04-13
4970,citictrust.com.hk,2020-04-13
3725,ggcl.com.hk,2020-04-13
5412,smartcash.hk,2020-04-13
4919,differsecurities.com,2020-04-13
4370,perfect-fin.com,2020-04-13
4028,cshldgs.com,2020-04-13
3718,noblecentury.hk,2020-04-13
2828,entrustfinance.com.hk,2020-04-13
1073,cfsg.com.hk,2020-04-13
4721,trefoilpartners.com,2020-04-13
4350,peoplefinance.com.hk,2020-04-13
4037,umoneycash.com,2020-04-13
2734,hk.dbs.com,2020-04-13
1903,abbl.com,2020-04-13
3183,csb.com.hk,2020-04-13
4667,starcredithk.com,2020-04-13
4381,www.henghua.hk,2020-04-13
3950,parklanemortgage.com.hk,2020-04-13
3310,hkpm.com.hk,2020-04-13
3304,atmortgage.com.hk,2020-04-13
3295,hingyipgroup.com,2020-04-13
3290,s-finance.com,2020-04-13
3122,www.capitaldfinance.com,2020-04-13
4980,winsfinancelimited.com,2020-04-13
4936,www.seiah.com,2020-04-13
4703,fulaigroup.com.hk,2020-04-13
4668,ghcltd.com.hk,2020-04-13
4408,776.hk,2020-04-13
4394,www.darencredit.com.hk,2020-04-13
4234,www.wingscapital.com.hk,2020-04-13
4018,m-kcredit.com,2020-04-13
3698,maxcredit.com.hk,2020-04-13
3679,dfzq.com.hk,2020-04-13
3504,cashfinance.hk,2020-04-13
2995,foreverproperty.com,2020-04-13
1236,cncbinvestment.com,2020-04-13
5388,huagecredit.com,2020-04-13
5384,rcfl.com.hk,2020-04-13
3259,cbg.com.hk,2020-04-13
4363,liugong.com,2020-04-13
3471,www.chunmou.com.hk,2020-04-13
2555,nanfung.com,2020-04-13
1677,orixasiacapital.com.hk,2020-04-13
5385,topwellfinance.com,2020-04-13
4940,sino-union.com.hk,2020-04-13
5004,kingbostrike.com,2020-04-13
4816,it-holdings.com.hk,2020-04-13
3926,justfinance.hk,2020-04-13
3127,eb-hk.com,2020-04-13
2817,www.centafinance.com,2020-04-13
845,botlease.co.jp,2020-04-13
5367,neat.hk,2020-04-13
5363,vichongcapital.com,2020-04-13
5360,donghill-credit.com,2020-04-13
5352,zqcap.com,2020-04-13
5320,mrrightfinance.com,2020-04-13
4265,hjfi.hk,2020-04-13
5349,come2lend.com,2020-04-13
5335,forwin-holding.com,2020-04-13
3867,tongbofinance.com,2020-04-13
4588,global.hk,2020-04-13
3257,colbert.com.hk,2020-04-13
5323,yuelongfinance.com,2020-04-13
2509,www.nomuraholdings.com,2020-04-13
1884,www.gtja.com.hk,2020-04-13
2884,www.cpy.com.hk,2020-04-13
4434,multiple.property.hk,2020-04-13
4374,hkmortgage.hk,2020-04-13
4014,egwml.com,2020-04-13
3726,twcf.com.hk,2020-04-13
3499,mayfair.com.hk,2020-04-13
2937,loan-easy.com.hk,2020-04-13
501,tomson.com.hk,2020-04-13
3484,hkfinance.hk,2020-04-13
2617,oafinance.com.hk,2020-04-13
5402,mannafinance.org,2020-04-13
5400,shfinance.hk,2020-04-13
4450,orientalfa.on.cc,2020-04-13
4340,yif.com.hk,2020-04-13
4017,nicsang.com,2020-04-13
3971,welab.co,2020-04-13
3703,trcf.com.hk,2020-04-13
3697,masonhk.com,2020-04-13
3554,v-smart.com.hk,2020-04-13
2122,eb-hk.com,2020-04-13
1201,gn-finance.com.hk,2020-04-13
4396,221.com.hk,2020-04-13
5036,www.alog.com,2020-04-13
5019,plcl.com.hk,2020-04-13
4715,daywonfinance.com,2020-04-13
4681,qupital.com,2020-04-13
4445,gicl.com.hk,2020-04-13
4196,gwcapital.chickso.com,2020-04-13
3502,amtdgroup.com,2020-04-13
2610,asiaorient.com.hk,2020-04-13
2452,www.nws.com.hk,2020-04-13
5393,info6656222.wixsite.com,2020-04-13
5392,pfinancehk.com,2020-04-13
4603,sunfundasiacredit.com.hk,2020-04-13
4709,hkmortgage360.com,2020-04-13
4352,cmbccap.com,2020-04-13
4282,amplefinance.com.hk,2020-04-13
3714,htsolutions.com.hk,2020-04-13
3669,nepalfinancehk.com,2020-04-13
3501,cjsc.com.hk,2020-04-13
561,chowtaifook.com,2020-04-13
3959,kfinance.com.hk,2020-04-13
4677,aviccapital.com,2020-04-13
4675,innovest.com.hk,2020-04-13
4576,apologoldfinance.com,2020-04-13
4393,chinacig.hk,2020-04-13
4013,richglory.hk,2020-04-13
3983,triumphantcredit.com,2020-04-13
3951,www.csfg.com.hk,2020-04-13
3915,onyipfinance.com,2020-04-13
3307,silverburghk.com,2020-04-13
3057,firstcredit29.com,2020-04-13
5405,cgse.com.hk,2020-04-13
5397,mcfinance.hk,2020-04-13
5026,wgfs168.com,2020-04-13
4661,lerado.com,2020-04-13
4379,24881356.com.hk,2020-04-13
3989,ycuniversal.com.hk,2020-04-13
3276,finet.hk,2020-04-13
2775,www.panasian.biz,2020-04-13
1198,www.smfl-global.com,2020-04-13
4391,rabbitcredit.com.hk,2020-04-13
4587,yxsh.hk,2020-04-13
4328,cashcredit.com.hk,2020-04-13
4322,prior.com.hk,2020-04-13
4224,churchill-finance.com,2020-04-13
3975,www.pawnshop.com.hk,2020-04-13
3422,bongyan.com.hk,2020-04-13
3281,fullrichasia.com.hk,2020-04-13
3174,surmountcsl.com.hk,2020-04-13
3115,23777777.hk,2020-04-13
3046,www.chinarisesec.com.hk,2020-04-13
2936,www.edward-wong-group.com,2020-04-13
1511,bmwhk.com,2020-04-13
1159,www.fgl.co.jp,2020-04-13
254,wintongroup.com.hk,2020-04-13
4997,teamwaygroup.com,2020-04-13
4708,friendlygo.com.hk,2020-04-13
4593,www.haotianfin.com,2020-04-13
4351,tanrich-group.com,2020-04-13
3696,wings.com.hk,2020-04-13
3694,www.fse.com.hk,2020-04-13
3495,pinestone.com.hk,2020-04-13
3181,goccapital.com,2020-04-13
2821,gainherofinance.com,2020-04-13
2733,www.citiccapital.com,2020-04-13
2080,hkctfh.com,2020-04-13
645,asiainsurance.hk,2020-04-13
4368,gcfinancing.com.hk,2020-04-13
3991,www.realord.com.hk,2020-04-13
3977,skyadvisor.com.hk,2020-04-13
3973,www.eif.com.hk,2020-04-13
3968,28963299.com,2020-04-13
3556,takchunhk.com,2020-04-13
2816,topway.hk,2020-04-13
1509,shougang-grand.com.hk,2020-04-13
971,wocom.com.hk,2020-04-13
4969,ecloanhk.com,2020-04-13
4631,centuryfunda.com.hk,2020-04-13
4301,gscredit.hk,2020-04-13
3970,thingon.4imarketing.com.hk,2020-04-13
3963,lapshun.weebly.com,2020-04-13
3961,honored.com.hk,2020-04-13
3910,icash.com.hk,2020-04-13
3654,wealthlink.hk,2020-04-13
3286,290.com.hk,2020-04-13
4672,egwml.com,2020-04-13
4318,ecstar-fin.com,2020-04-13
4300,finance.formax.hk,2020-04-13
3944,priorityonecredit.wixsite.com,2020-04-13
3109,cashcredit.com.hk,2020-04-13
3045,gicl.com.hk,2020-04-13
1666,nr-group.com.hk,2020-04-13
1290,everbright165.com,2020-04-13
4917,eutocapital.com,2020-04-13
4670,newaycredit.com,2020-04-13
4369,mrmoney.hk,2020-04-13
4360,dlo-credit.com,2020-04-13
4359,goprofit.com.hk,2020-04-13
4321,goldenocean852.com.hk,2020-04-13
3939,ichibancredit.com.hk,2020-04-13
3655,ftf.hk,2020-04-13
3401,runtuo.hk,2020-04-13
4263,vtc.com.hk,2020-04-13
3946,dingyi.hk,2020-04-13
3943,uni-century.com,2020-04-13
3491,surpasswml.com.hk,2020-04-13
3245,petersonhk.com,2020-04-13
3119,21finance.hk,2020-04-13
3029,amplecap.com,2020-04-13
2848,actex-finance.com,2020-04-13
2644,wintongroup.com.hk,2020-04-13
1496,yicko.com,2020-04-13
4932,velotrade.com,2020-04-13
4634,acetopcredit.com,2020-04-13
3681,faster-credit.com,2020-04-13
2984,www.gyzq.com.hk,2020-04-13
664,www.hitachi-capital.com.hk,2020-04-13
4773,bluemount.com,2020-04-13
4261,wealthexpress.hk,2020-04-13
4259,hs-asset.com,2020-04-13
4245,8192.com.hk,2020-04-13
3929,zhfinh.com,2020-04-13
3678,cshldgs.com,2020-04-13
3643,hrintl.com.hk,2020-04-13
3188,taiwofinance.com,2020-04-13
234,yiufungfinancelimited.com,2020-04-13
4890,fundpark.com,2020-04-13
4882,parkvillefinancial.com,2020-04-13
4305,buddy2lend.com,2020-04-13
4246,zzcapitalinternational.com,2020-04-13
4241,newtimesfinance.com,2020-04-13
4240,mlb-financial.com,2020-04-13
4235,sun8029.com,2020-04-13
3956,perfectcredit.com.hk,2020-04-13
3936,elephantclub.com,2020-04-13
3682,parkvillefinancial.com,2020-04-13
4288,www.gcredit.com.hk,2020-04-13
3893,bsgroup.com.hk,2020-04-13
3661,srpc.com.hk,2020-04-13
3103,silverbasegroup.com,2020-04-13
2564,www.wfcredit.com.hk,2020-04-13
3261,parkvillefinancial.com,2020-04-13
3025,cpf.cnpc.com.cn,2020-04-13
1835,nr-group.com.hk,2020-04-13
4627,leadglory.com.hk,2020-04-13
5308,cfsh.com.hk,2020-04-13
5303,truecredithk.com,2020-04-13
5295,en.bands.financial,2020-04-13
5167,apassets.com,2020-04-13
1303,getnice.com.hk,2020-04-13
5305,oceanholdingasia.com,2020-04-13
5290,amtdgroup.com,2020-04-13
5297,creditmaster.com.hk,2020-04-13
5255,aixpcredit.com,2020-04-13
5289,snapcredit-intl.com,2020-04-13
5287,nuts-money.com,2020-04-13
5286,cnzsqh.hk,2020-04-13
3818,www.paragonmortgage.com.hk,2020-04-13
5262,cashdollar.hk,2020-04-13
5249,sky-star.hk,2020-04-13
5246,currenxie.com,2020-04-13
5253,metrofinanceservices.com,2020-04-13
5098,apexfinancehk.com,2020-04-13
4796,jsfinancial.com.hk,2020-04-13
5234,ycinternationalhk.com,2020-04-13
5239,oasiscredit.com.hk,2020-04-13
4496,cobot.com.hk,2020-04-13
914,pacific-ace.com,2020-04-13
